Marketplace,Order ID,OrderDate,Currency,Price,Price Tax,Shipping Charge,Item Subtotal,Item Subtotal Tax,Total Charged,Product Condition,Quantity,Payment Instrument Type,Order Status,Shipment Status,Ship Date,Shipping Option,Shipping Address,Billing Address,Carrier Name & Tracking Number
Amazon.com,112-0000000-0000001,2009-07-20 16:18 UTC,USD,$19.99,$0.00,$3.99,$19.99,$0.00,$23.98,Used,1,Visa,Closed,Shipped,2009-07-20 16:49 UTC,Std US Dom,"Jane Doe 1234 Middle of Nowhere, TX 55055-1234 United States Primary Phone: +17138675309","Jane Doe 1234 Middle of Nowhere, TX 55055-1234 United States Primary Phone: +17138675309",
Amazon.com,112-0000000-0000002,2009-07-20 16:18 UTC,USD,$5.24,$0.00,$3.99,$5.24,$0.00,$9.23,New,1,Visa,Closed,Shipped,2009-07-20 16:50 UTC,Std US Dom,"Jane Doe 1234 Middle of Nowhere, TX 55055-1234 United States Primary Phone: +17138675309","Jane Doe 1234 Middle of Nowhere, TX 55055-1234 United States Primary Phone: +17138675309",USPS()
Amazon.com,112-0000000-0000003,2009-07-20 16:18 UTC,USD,$1.15,$0.00,$3.99,$1.15,$0.00,$5.14,,1,Visa,Closed,Shipped,2009-07-20 16:49 UTC,Std US Dom,"Jane Doe 1234 Middle of Nowhere, TX 55055-1234 United States Primary Phone: +17138675309","Jane Doe 1234 Middle of Nowhere, TX 55055-1234 United States Primary Phone: +17138675309",
Amazon.com,112-0000000-0000004,2009-07-20 16:18 UTC,USD,$5.99,$0.00,$3.99,$11.14,$0.00,$9.98,,1,Visa,Closed,Shipped,2009-07-23 18:40 UTC,Std US Dom,"Jane Doe 1234 Middle of Nowhere, TX 55055-1234 United States Primary Phone: +17138675309","Jane Doe 1234 Middle of Nowhere, TX 55055-1234 United States Primary Phone: +17138675309",USPS() and USPS()
Amazon.com,112-0000000-0000005,2009-07-20 16:18 UTC,USD,$7.89,$0.00,$3.99,$7.89,$0.00,$11.88,,1,Visa,Closed,Shipped,2009-07-20 16:52 UTC,Std US Dom,"Jane Doe 1234 Middle of Nowhere, TX 55055-1234 United States Primary Phone: +17138675309","Jane Doe 1234 Middle of Nowhere, TX 55055-1234 United States Primary Phone: +17138675309",
Amazon.com,112-0000000-0000006,2009-07-20 16:18 UTC,USD,$5.15,$0.00,$3.99,$11.14,$0.00,$9.14,,1,Visa,Closed,Shipped,2009-07-23 18:40 UTC,Std US Dom,"Jane Doe 1234 Middle of Nowhere, TX 55055-1234 United States Primary Phone: +17138675309","Jane Doe 1234 Middle of Nowhere, TX 55055-1234 United States Primary Phone: +17138675309",USPS() and USPS()
Amazon.com,112-0000000-0000007,2009-07-30 19:07 UTC,USD,$0.30,$0.00,$3.99,$0.30,$0.00,$4.29,,1,Visa,Closed,Shipped,2009-07-31 16:38 UTC,Std US Dom,"Jane Doe 1234 Middle of Nowhere, TX 55055-1234 United States Primary Phone: +17138675309","Jane Doe 1234 Middle of Nowhere, TX 55055-1234 United States Primary Phone: +17138675309",
Amazon.com,112-0000000-0000008,2009-07-30 20:11 UTC,USD,$49.99,$0.00,$3.99,$49.99,$0.00,$53.98,Used,1,Visa,Closed,Shipped,2009-07-31 21:06 UTC,Std US Dom,"Jane Doe 1234 Middle of Nowhere, TX 55055-1234 United States Primary Phone: +17138675309","Jane Doe 1234 Middle of Nowhere, TX 55055-1234 United States Primary Phone: +17138675309",USPS()
Amazon.com,112-0000000-0000009,2009-08-31 14:29 UTC,USD,$10.00,$0.00,$6.99,$10.00,$0.00,$16.99,Used,1,Visa,Closed,Shipped,2009-08-31 15:00 UTC,Exp US Dom,"Jane Doe 1234 Middle of Nowhere, TX 55055-1234 United States Primary Phone: +17138675309","Jane Doe 1234 Middle of Nowhere, TX 55055-1234 United States Primary Phone: +17138675309",USPS()
Amazon.com,112-0000000-0000010,2009-09-01 17:14 UTC,USD,$30.02,$0.00,$3.99,$30.02,$0.00,$34.01,,1,Visa,Closed,Shipped,2009-09-02 07:16 UTC,Std US Dom,"Jane Doe 1234 Middle of Nowhere, TX 55055-1234 United States Primary Phone: +17138675309","Jane Doe 1234 Middle of Nowhere, TX 55055-1234 United States Primary Phone: +17138675309",USPS(9102805213907769806627)
Amazon.com,112-0000000-0000011,2009-12-26 03:50 UTC,USD,$17.99,$0.00,$0.00,$17.99,$0.00,$17.99,,1,Visa,Closed,Shipped,2009-12-26 05:22 UTC,Std Cont US Street Addr,"Jane Doe 1234 Middle of Nowhere, TX 55055-1234 United States Primary Phone: +17138675309","Jane Doe 1234 Middle of Nowhere, TX 55055-1234 United States Primary Phone: +17138675309",UPS(1ZW5W5220385806642)
Amazon.com,112-0000000-0000012,2010-01-12 01:42 UTC,USD,$85.65,$0.00,$3.99,$85.65,$0.00,$89.64,,1,Visa,Closed,Shipped,2010-01-14 08:02 UTC,Std US Dom,"Jane Doe 1234 Middle of Nowhere, TX 55055-1234 United States Primary Phone: +17138675309","Jane Doe 1234 Middle of Nowhere, TX 55055-1234 United States Primary Phone: +17138675309",
Amazon.com,112-0000000-0000013,2010-01-12 01:42 UTC,USD,$24.07,$0.00,$0.00,$35.62,$0.00,$24.07,New,1,Visa,Closed,Shipped,2010-01-14 01:02 UTC,econ-us,"Jane Doe 1234 Middle of Nowhere, TX 55055-1234 United States Primary Phone: +17138675309","Jane Doe 1234 Middle of Nowhere, TX 55055-1234 United States Primary Phone: +17138675309",USPS_SP_BPM_MEMPHIS(9102901001301198132191)
Amazon.com,112-0000000-0000014,2010-01-12 01:42 UTC,USD,$2.00,$0.00,$3.99,$2.00,$0.00,$5.99,,1,Visa,Closed,Shipped,2010-01-12 16:51 UTC,Std US Dom,"Jane Doe 1234 Middle of Nowhere, TX 55055-1234 United States Primary Phone: +17138675309","Jane Doe 1234 Middle of Nowhere, TX 55055-1234 United States Primary Phone: +17138675309",
Amazon.com,112-0000000-0000015,2010-01-12 01:42 UTC,USD,$0.98,$0.00,$3.99,$0.98,$0.00,$4.97,,1,Visa,Closed,Shipped,2010-01-13 03:06 UTC,Std US Dom,"Jane Doe 1234 Middle of Nowhere, TX 55055-1234 United States Primary Phone: +17138675309","Jane Doe 1234 Middle of Nowhere, TX 55055-1234 United States Primary Phone: +17138675309",USPS(9102048527451107441892)
Amazon.com,112-0000000-0000016,2010-01-12 01:42 UTC,USD,$0.75,$0.00,$3.99,$0.75,$0.00,$4.74,,1,Visa,Closed,Shipped,2010-01-12 23:49 UTC,Std US Dom,"Jane Doe 1234 Middle of Nowhere, TX 55055-1234 United States Primary Phone: +17138675309","Jane Doe 1234 Middle of Nowhere, TX 55055-1234 United States Primary Phone: +17138675309",USPS(9102900974001004553522)
Amazon.com,112-0000000-0000017,2010-01-12 01:42 UTC,USD,$11.55,$0.00,$0.00,$35.62,$0.00,$11.55,New,1,Visa,Closed,Shipped,2010-01-14 01:02 UTC,econ-us,"Jane Doe 1234 Middle of Nowhere, TX 55055-1234 United States Primary Phone: +17138675309","Jane Doe 1234 Middle of Nowhere, TX 55055-1234 United States Primary Phone: +17138675309",USPS_SP_BPM_MEMPHIS(9102901001301198132191)
Amazon.com,112-0000000-0000018,2010-01-12 01:42 UTC,USD,$80.00,$0.00,$3.99,$80.00,$0.00,$83.99,,1,Visa,Closed,Shipped,2010-01-12 18:23 UTC,Std US Dom,"Jane Doe 1234 Middle of Nowhere, TX 55055-1234 United States Primary Phone: +17138675309","Jane Doe 1234 Middle of Nowhere, TX 55055-1234 United States Primary Phone: +17138675309",USPS(03091830000056484531)
Amazon.com,112-0000000-0000019,2010-01-12 01:47 UTC,USD,$87.17,$0.00,$3.99,$87.17,$0.00,$91.16,,1,Visa,Closed,Shipped,2010-01-12 23:49 UTC,Std US Dom,"Jane Doe 1234 Middle of Nowhere, TX 55055-1234 United States Primary Phone: +17138675309","Jane Doe 1234 Middle of Nowhere, TX 55055-1234 United States Primary Phone: +17138675309",USPS(9102900974001004558855)
Amazon.com,112-0000000-0000020,2010-07-18 17:42 UTC,USD,$70.43,$0.00,$3.99,$70.43,$0.00,$74.42,,1,Visa,Closed,Shipped,2010-07-18 18:23 UTC,Std US Dom,"Jane Doe 1234 Middle of Nowhere, TX 55055-1234 United States Primary Phone: +17138675309","Jane Doe 1234 Middle of Nowhere, TX 55055-1234 United States Primary Phone: +17138675309",Contact Us for Details()
Amazon.com,112-0000000-0000021,2010-07-20 05:05 UTC,USD,$92.99,$0.00,$3.99,$92.99,$0.00,$96.98,,1,Visa,Closed,Shipped,2010-07-20 19:08 UTC,Std US Dom,"Jane Doe 1234 Middle of Nowhere, TX 55055-1234 United States Primary Phone: +17138675309","Jane Doe 1234 Middle of Nowhere, TX 55055-1234 United States Primary Phone: +17138675309",USPS()
Amazon.com,112-0000000-0000022,2010-07-20 05:05 UTC,USD,$84.00,$0.00,$3.99,$84.00,$0.00,$87.99,,1,Visa,Closed,Shipped,2010-07-20 18:48 UTC,Std US Dom,"Jane Doe 1234 Middle of Nowhere, TX 55055-1234 United States Primary Phone: +17138675309","Jane Doe 1234 Middle of Nowhere, TX 55055-1234 United States Primary Phone: +17138675309",USPS(420370729102805213907241896030)
Amazon.com,112-0000000-0000023,2010-08-03 16:38 UTC,USD,$58.67,$0.00,$0.00,$58.67,$0.00,$58.67,New,1,Visa,Closed,Shipped,2010-08-09 22:03 UTC,second,"Jane Doe 1234 Middle of Nowhere, TX 55055-1234 United States Primary Phone: +17138675309","Jane Doe 1234 Middle of Nowhere, TX 55055-1234 United States Primary Phone: +17138675309",UPS_GR_RES(1ZA7226W0322493703)
Amazon.com,112-0000000-0000024,2010-08-09 17:49 UTC,USD,$3.53,$0.00,$0.00,$3.53,$0.00,$3.53,,1,Visa,Closed,Shipped,2010-08-09 22:03 UTC,second,"Jane Doe 1234 Middle of Nowhere, TX 55055-1234 United States Primary Phone: +17138675309","Jane Doe 1234 Middle of Nowhere, TX 55055-1234 United States Primary Phone: +17138675309",UPS_GR_RES(1ZA7226W0322493703)
Amazon.com,112-0000000-0000025,2010-09-01 23:24 UTC,USD,$9.94,$0.00,$0.00,$9.94,$0.00,$9.94,New,1,Visa,Closed,Shipped,2010-09-02 18:05 UTC,second,"Jane Doe 1234 Middle of Nowhere, TX 55055-1234 United States Primary Phone: +17138675309","Jane Doe 1234 Middle of Nowhere, TX 55055-1234 United States Primary Phone: +17138675309",UPS_GR_RES(1Z410E7W0379900436)
Amazon.com,112-0000000-0000026,2010-11-24 20:14 UTC,USD,$7.98,$0.00,$0.00,$16.97,$0.00,$7.98,New,1,Visa,Closed,Shipped,2010-11-25 02:07 UTC,second,"Jane Doe 1234 Middle of Nowhere, TX 55055-1234 United States Primary Phone: +17138675309","Jane Doe 1234 Middle of Nowhere, TX 55055-1234 United States Primary Phone: +17138675309",UPS_NEXT_SAVER(1ZW045861368937172)
Amazon.com,112-0000000-0000027,2010-11-24 20:14 UTC,USD,$8.99,$0.00,$0.00,$16.97,$0.00,$8.99,New,1,Visa,Closed,Shipped,2010-11-25 02:07 UTC,second,"Jane Doe 1234 Middle of Nowhere, TX 55055-1234 United States Primary Phone: +17138675309","Jane Doe 1234 Middle of Nowhere, TX 55055-1234 United States Primary Phone: +17138675309",UPS_NEXT_SAVER(1ZW045861368937172)
Amazon.com,112-0000000-0000028,2010-11-26 19:30 UTC,USD,$34.95,$0.00,$0.00,$34.95,$0.00,$34.95,New,1,Visa,Closed,Shipped,2010-11-27 03:19 UTC,second,"Jane Doe 1234 Middle of Nowhere, TX 55055-1234 United States Primary Phone: +17138675309","Jane Doe 1234 Middle of Nowhere, TX 55055-1234 United States Primary Phone: +17138675309",UPS_AIR_RES_DIRECT(1ZW0W2111301067230)
Amazon.com,112-0000000-0000029,2010-12-23 16:56 UTC,USD,$95.07,$0.00,$3.99,$95.07,$0.00,$99.06,,1,Visa,Closed,Shipped,2010-12-27 08:11 UTC,Std US Dom,"Jane Doe 1234 Middle of Nowhere, TX 55055-1234 United States Primary Phone: +17138675309","Jane Doe 1234 Middle of Nowhere, TX 55055-1234 United States Primary Phone: +17138675309",USPS(9102969010386405813948)
Amazon.com,112-0000000-0000030,2011-01-06 03:13 UTC,USD,$99.72,$0.00,$0.00,$99.72,$0.00,$99.72,New,1,Visa,Closed,Shipped,2011-01-06 13:52 UTC,second,"Jane Doe 1234 Middle of Nowhere, TX 55055-1234 United States Primary Phone: +17138675309","Jane Doe 1234 Middle of Nowhere, TX 55055-1234 United States Primary Phone: +17138675309",UPS_GR_RES(1ZW045860300056788)
Amazon.com,112-0000000-0000031,2011-01-06 03:16 UTC,USD,$88.58,$0.00,$0.00,$88.58,$0.00,$88.58,New,1,Visa,Closed,Shipped,2011-01-06 13:52 UTC,second,"Jane Doe 1234 Middle of Nowhere, TX 55055-1234 United States Primary Phone: +17138675309","Jane Doe 1234 Middle of Nowhere, TX 55055-1234 United States Primary Phone: +17138675309",UPS_GR_RES(1ZW045860300056788)
Amazon.com,112-0000000-0000032,2011-01-06 03:27 UTC,USD,$84.50,$0.00,$3.99,$84.50,$0.00,$88.49,,1,Visa,Closed,Shipped,2011-01-07 01:07 UTC,Std US Dom,"Jane Doe 1234 Middle of Nowhere, TX 55055-1234 United States Primary Phone: +17138675309","Jane Doe 1234 Middle of Nowhere, TX 55055-1234 United States Primary Phone: +17138675309",USPS(9449010200793113232301)
Amazon.com,112-0000000-0000033,2011-07-18 22:25 UTC,USD,$45.65,$0.00,$0.00,$45.65,$0.00,$45.65,,1,Visa,Closed,Shipped,2011-07-19 19:04 UTC,second,"Jane Doe 1234 Middle of Nowhere, TX 55055-1234 United States Primary Phone: +17138675309","Jane Doe 1234 Middle of Nowhere, TX 55055-1234 United States Primary Phone: +17138675309",UPS_GR_RES(1ZX1W8800326999367)
Amazon.com,112-0000000-0000034,2011-07-18 22:25 UTC,USD,$87.65,$0.00,$3.99,$87.65,$0.00,$91.64,Used,1,Visa,Closed,Shipped,2011-07-20 17:01 UTC,Std US Dom,"Jane Doe 1234 Middle of Nowhere, TX 55055-1234 United States Primary Phone: +17138675309","Jane Doe 1234 Middle of Nowhere, TX 55055-1234 United States Primary Phone: +17138675309",USPS(02131633773002260040)
Amazon.com,112-0000000-0000035,2011-07-18 22:25 UTC,USD,$3.49,$0.00,$3.99,$3.49,$0.00,$7.48,Used,1,Visa,Closed,Shipped,2011-07-20 04:07 UTC,Std US Dom,"Jane Doe 1234 Middle of Nowhere, TX 55055-1234 United States Primary Phone: +17138675309","Jane Doe 1234 Middle of Nowhere, TX 55055-1234 United States Primary Phone: +17138675309",USPS()
Amazon.com,112-0000000-0000036,2011-07-18 22:25 UTC,USD,$7.94,$0.00,$0.00,$7.94,$0.00,$7.94,New,1,Visa,Closed,Shipped,2011-07-19 17:31 UTC,second,"Jane Doe 1234 Middle of Nowhere, TX 55055-1234 United States Primary Phone: +17138675309","Jane Doe 1234 Middle of Nowhere, TX 55055-1234 United States Primary Phone: +17138675309",UPS_GR_RES(1ZX2988X0380364765)
Amazon.com,112-0000000-0000037,2011-07-18 22:25 UTC,USD,$6.99,$0.00,$0.00,$6.99,$0.00,$6.99,,1,Visa,Closed,Shipped,2011-07-20 00:46 UTC,second,"Jane Doe 1234 Middle of Nowhere, TX 55055-1234 United States Primary Phone: +17138675309","Jane Doe 1234 Middle of Nowhere, TX 55055-1234 United States Primary Phone: +17138675309",UPS_2ND(1Z5R89390285720150)
Amazon.com,112-0000000-0000038,2011-11-20 02:56 UTC,USD,$46.55,$0.00,$3.99,$46.55,$0.00,$50.54,Used,1,Visa,Closed,Shipped,2011-11-22 00:14 UTC,Std US Dom,"Jane Doe 1234 Middle of Nowhere, TX 55055-1234 United States Primary Phone: +17138675309","Jane Doe 1234 Middle of Nowhere, TX 55055-1234 United States Primary Phone: +17138675309",USPS()
Amazon.com,112-0000000-0000039,2012-01-02 18:49 UTC,USD,$58.84,$0.00,$0.00,$58.84,$0.00,$58.84,Used,1,Visa,Closed,Shipped,2012-01-03 21:48 UTC,second,"Jane Doe 1234 Middle of Nowhere, TX 55055-1234 United States Primary Phone: +17138675309","Jane Doe 1234 Middle of Nowhere, TX 55055-1234 United States Primary Phone: +17138675309",UPS_GR_RES(1ZW2144Y0374165320)
Amazon.com,112-0000000-0000040,2012-01-02 18:49 UTC,USD,$43.45,$0.00,$3.99,$43.45,$0.00,$47.44,New,1,Visa,Closed,Shipped,2012-01-05 07:51 UTC,Std US Dom,"Jane Doe 1234 Middle of Nowhere, TX 55055-1234 United States Primary Phone: +17138675309","Jane Doe 1234 Middle of Nowhere, TX 55055-1234 United States Primary Phone: +17138675309",DHL(1191473415)
Amazon.com,112-0000000-0000041,2012-01-13 23:06 UTC,USD,$6.76,$0.00,$0.00,,,$6.76,Used,0,Visa,Cancelled,,,Std US Dom,"Jane Doe 1234 Middle of Nowhere, TX 55055-1234 United States Primary Phone: +17138675309","Jane Doe 1234 Middle of Nowhere, TX 55055-1234 United States Primary Phone: +17138675309",
Amazon.com,112-0000000-0000042,2012-01-13 23:06 UTC,USD,$10.47,$0.00,$3.99,$10.47,$0.00,$14.46,Used,1,Visa,Closed,Shipped,2012-01-14 16:06 UTC,Std US Dom,"Jane Doe 1234 Middle of Nowhere, TX 55055-1234 United States Primary Phone: +17138675309","Jane Doe 1234 Middle of Nowhere, TX 55055-1234 United States Primary Phone: +17138675309",USPS(9102010521297604744233)
Amazon.com,112-0000000-0000043,2012-01-18 20:22 UTC,USD,$6.20,$0.00,$3.99,$6.20,$0.00,$10.19,Used,1,Visa,Closed,Shipped,2012-01-20 23:08 UTC,Std US Dom,"Jane Doe 1234 Middle of Nowhere, TX 55055-1234 United States Primary Phone: +17138675309","Jane Doe 1234 Middle of Nowhere, TX 55055-1234 United States Primary Phone: +17138675309",USPS(02901001448004528974)
Amazon.com,112-0000000-0000044,2012-05-04 22:12 UTC,USD,$2.70,$0.00,$0.00,$2.70,$0.00,$2.70,New,1,Visa,Closed,Shipped,2012-05-05 15:56 UTC,Std Cont US Street Addr,"Jane Doe 1234 Middle of Nowhere, TX 55055-1234 United States Primary Phone: +17138675309","Jane Doe 1234 Middle of Nowhere, TX 55055-1234 United States Primary Phone: +17138675309",USPS(LK271528286CN)
Amazon.com,112-0000000-0000045,2012-06-14 18:18 UTC,USD,$37.21,$0.00,$3.99,$37.21,$0.00,$41.20,Used,1,Visa,Closed,Shipped,2012-06-15 13:03 UTC,Std US Dom,"Jane Doe 1234 Middle of Nowhere, TX 55055-1234 United States Primary Phone: +17138675309","Jane Doe 1234 Middle of Nowhere, TX 55055-1234 United States Primary Phone: +17138675309",Contact Us for Details(9449015901034029095312)
Amazon.com,112-0000000-0000046,2012-08-17 17:09 UTC,USD,$32.49,$0.00,$0.00,$32.49,$0.00,$32.49,New,1,Visa,Closed,Shipped,2012-08-17 22:31 UTC,second,"Jane Doe 1234 Middle of Nowhere, TX 55055-1234 United States Primary Phone: +17138675309","Jane Doe 1234 Middle of Nowhere, TX 55055-1234 United States Primary Phone: +17138675309",UPS_GR_COM(1Z17RV330322046274)
Amazon.com,112-0000000-0000047,2012-08-21 22:51 UTC,USD,$73.49,$0.00,$0.00,$73.49,$0.00,$73.49,Used,1,Visa,Closed,Shipped,2012-08-22 17:36 UTC,second,"Jane Doe 1234 Middle of Nowhere, TX 55055-1234 United States Primary Phone: +17138675309","Jane Doe 1234 Middle of Nowhere, TX 55055-1234 United States Primary Phone: +17138675309",UPS_GR_COM(1Z6768520319022375)
Amazon.com,112-0000000-0000048,2012-08-25 03:09 UTC,USD,$12.99,$0.00,$2.57,$12.99,$0.00,$15.56,Refurbished,1,Visa,Closed,Shipped,2012-08-28 12:37 UTC,Std Cont US Street Addr,"Jane Doe 1234 Middle of Nowhere, TX 55055-1234 United States Primary Phone: +17138675309","Jane Doe 1234 Middle of Nowhere, TX 55055-1234 United States Primary Phone: +17138675309",Amazon Merchants@(9102901071856000417632)
Amazon.com,112-0000000-0000049,2012-08-27 21:50 UTC,USD,$33.75,$3.29,$0.00,$33.75,$3.29,$37.04,Used,1,Visa,Closed,Shipped,2012-08-28 19:32 UTC,second,"Jane Doe 1234 Middle of Nowhere, TX 55055-1234 United States Primary Phone: +17138675309","Jane Doe 1234 Middle of Nowhere, TX 55055-1234 United States Primary Phone: +17138675309",UPS_GR_COM(1ZX29W290373325914)
Amazon.com,112-0000000-0000050,2012-10-15 14:58 UTC,USD,$78.99,$0.00,$0.00,$78.99,$0.00,$78.99,New,1,Visa,Closed,Shipped,2012-10-15 23:03 UTC,second,"Jane Doe 1234 Middle of Nowhere, TX 55055-1234 United States Primary Phone: +17138675309","Jane Doe 1234 Middle of Nowhere, TX 55055-1234 United States Primary Phone: +17138675309",UPS_GR_COM(1Z177E0F0319400398)
Amazon.com,112-0000000-0000051,2013-01-14 23:05 UTC,USD,$21.77,$0.00,$0.00,$21.77,$0.00,$21.77,Used,1,Visa,Closed,Shipped,2013-01-15 08:05 UTC,second,"Jane Doe 1234 Middle of Nowhere, TX 55055-1234 United States Primary Phone: +17138675309","Jane Doe 1234 Middle of Nowhere, TX 55055-1234 United States Primary Phone: +17138675309",UPS_2ND(1Z104AF90259818896)
Amazon.com,112-0000000-0000052,2013-04-18 04:28 UTC,USD,$79.95,$0.00,$0.00,$79.95,$0.00,$79.95,New,1,Visa,Closed,Shipped,2013-04-18 17:08 UTC,second,"Jane Doe 1234 Middle of Nowhere, TX 55055-1234 United States Primary Phone: +17138675309","Jane Doe 1234 Middle of Nowhere, TX 55055-1234 United States Primary Phone: +17138675309",UPS_GR_RES(1Z6768520375005056)
Amazon.com,112-0000000-0000053,2013-08-19 23:29 UTC,USD,$47.45,$0.00,$0.00,$47.45,$0.00,$47.45,New,1,Visa,Closed,Shipped,2013-08-20 05:17 UTC,second,"Jane Doe 1234 Middle of Nowhere, TX 55055-1234 United States Primary Phone: +17138675309","Jane Doe 1234 Middle of Nowhere, TX 55055-1234 United States Primary Phone: +17138675309",UPS(1ZW0W2250390248218)
Amazon.com,112-0000000-0000054,2013-08-19 23:29 UTC,USD,$18.66,$0.00,$3.99,$18.66,$0.00,$22.65,Used,1,Visa,Closed,Shipped,2013-08-20 18:36 UTC,Std US Dom,"Jane Doe 1234 Middle of Nowhere, TX 55055-1234 United States Primary Phone: +17138675309","Jane Doe 1234 Middle of Nowhere, TX 55055-1234 United States Primary Phone: +17138675309",
Amazon.com,112-0000000-0000055,2013-08-30 01:04 UTC,USD,$37.99,$0.00,$0.00,$37.99,$0.00,$37.99,Refurbished,1,Visa,Closed,Shipped,2013-08-30 08:26 UTC,second,"Jane Doe 1234 Middle of Nowhere, TX 55055-1234 United States Primary Phone: +17138675309","Jane Doe 1234 Middle of Nowhere, TX 55055-1234 United States Primary Phone: +17138675309",UPS(1ZW0W2250365859829)
Amazon.com,112-0000000-0000056,2013-10-07 16:28 UTC,USD,$79.38,$0.00,$3.99,$79.38,$0.00,$83.37,Used,1,Visa,Closed,Shipped,2013-10-08 07:22 UTC,Std US Dom,"Jane Doe 1234 Middle of Nowhere, TX 55055-1234 United States Primary Phone: +17138675309","Jane Doe 1234 Middle of Nowhere, TX 55055-1234 United States Primary Phone: +17138675309",FedEx()
Amazon.com,112-0000000-0000057,2014-02-01 21:41 UTC,USD,$69.99,$0.00,$0.00,$69.99,$0.00,$69.99,New,1,Visa,Closed,Shipped,2014-02-03 04:35 UTC,second,"Jane Doe 1234 Middle of Nowhere, TX 55055-1234 United States Primary Phone: +17138675309","Jane Doe 1234 Middle of Nowhere, TX 55055-1234 United States Primary Phone: +17138675309",UPS(1ZW0Y523YN00590343)
Amazon.com,112-0000000-0000058,2014-02-20 16:38 UTC,USD,$59.53,$0.00,$3.99,$59.53,$0.00,$63.52,New,1,Visa,Closed,Shipped,2014-02-21 15:46 UTC,Std US Dom,"Jane Doe 1234 Middle of Nowhere, TX 55055-1234 United States Primary Phone: +17138675309","Jane Doe 1234 Middle of Nowhere, TX 55055-1234 United States Primary Phone: +17138675309",USPS(420652019241990113930805966919)
Amazon.com,112-0000000-0000059,2014-02-20 16:40 UTC,USD,$38.93,$0.00,$0.00,$38.93,$0.00,$38.93,New,1,Visa,Closed,Shipped,2014-02-20 21:19 UTC,second,"Jane Doe 1234 Middle of Nowhere, TX 55055-1234 United States Primary Phone: +17138675309","Jane Doe 1234 Middle of Nowhere, TX 55055-1234 United States Primary Phone: +17138675309",FEDEX(9611804201223304339882)
Amazon.com,112-0000000-0000060,2014-04-30 01:37 UTC,USD,$66.82,$0.00,$3.99,$66.82,$0.00,$70.81,Used,1,Visa,Closed,Shipped,2014-05-01 20:28 UTC,Std US Dom,"Jane Doe 1234 Middle of Nowhere, TX 55055-1234 United States Primary Phone: +17138675309","Jane Doe 1234 Middle of Nowhere, TX 55055-1234 United States Primary Phone: +17138675309",DHLGlobalMail()
Amazon.com,112-0000000-0000061,2014-08-02 14:54 UTC,USD,$39.26,$0.00,$3.99,$39.26,$0.00,$43.25,New,1,Visa,Closed,Shipped,2014-08-02 22:18 UTC,next,"Jane Doe 1234 Middle of Nowhere, TX 55055-1234 United States Primary Phone: +17138675309","Jane Doe 1234 Middle of Nowhere, TX 55055-1234 United States Primary Phone: +17138675309",FEDEX(577202943191)
Amazon.com,112-0000000-0000062,2014-09-26 02:45 UTC,USD,$65.75,$0.00,$0.00,$65.75,$0.00,$65.75,New,1,Visa,Closed,Shipped,2014-09-26 18:45 UTC,second,"Jane Doe 1234 Middle of Nowhere, TX 55055-1234 United States Primary Phone: +17138675309","Jane Doe 1234 Middle of Nowhere, TX 55055-1234 United States Primary Phone: +17138675309",FEDEX(9611804842391903492923)
Amazon.com,112-0000000-0000063,2014-10-14 01:06 UTC,USD,$9.86,$0.00,$0.00,$9.86,$0.00,$9.86,New,1,Visa,Closed,Shipped,2014-10-14 07:24 UTC,second,"Jane Doe 1234 Middle of Nowhere, TX 55055-1234 United States Primary Phone: +17138675309","Jane Doe 1234 Middle of Nowhere, TX 55055-1234 United States Primary Phone: +17138675309",UPS(1ZF533440224564025)
Amazon.com,112-0000000-0000064,2014-10-18 05:17 UTC,USD,$90.75,$0.00,$0.00,$90.75,$0.00,$90.75,New,1,Visa,Closed,Shipped,2014-10-19 00:50 UTC,second,"Jane Doe 1234 Middle of Nowhere, TX 55055-1234 United States Primary Phone: +17138675309","Jane Doe 1234 Middle of Nowhere, TX 55055-1234 United States Primary Phone: +17138675309",UPS(1ZA8266Y1300296212)
Amazon.com,112-0000000-0000065,2014-11-29 22:06 UTC,USD,$99.99,$0.00,$0.00,$99.99,$0.00,$99.99,New,1,Visa,Closed,Shipped,2014-12-01 14:04 UTC,second,"Jane Doe 1234 Middle of Nowhere, TX 55055-1234 United States Primary Phone: +17138675309","Jane Doe 1234 Middle of Nowhere, TX 55055-1234 United States Primary Phone: +17138675309",UPS(1ZE130W60308916737)
Amazon.com,112-0000000-0000066,2014-12-01 17:51 UTC,USD,$13.99,$0.00,$0.00,$13.99,$0.00,$13.99,New,1,Visa,Closed,Shipped,2014-12-01 20:50 UTC,second,"Jane Doe 1234 Middle of Nowhere, TX 55055-1234 United States Primary Phone: +17138675309","Jane Doe 1234 Middle of Nowhere, TX 55055-1234 United States Primary Phone: +17138675309",UPS(1ZE1260F0313404674)
Amazon.com,112-0000000-0000067,2014-12-01 19:18 UTC,USD,$108.96,$0.00,$4.92,$108.96,$0.00,$113.88,Used,1,Visa,Closed,Shipped,2014-12-01 22:51 UTC,Std Cont US Street Addr,"Jane Doe 1234 Middle of Nowhere, TX 55055-1234 United States Primary Phone: +17138675309","Jane Doe 1234 Middle of Nowhere, TX 55055-1234 United States Primary Phone: +17138675309",USPS(9400110200830501368964)
Amazon.com,112-0000000-0000068,2014-12-03 04:44 UTC,USD,$14.50,$0.00,$0.00,$14.50,$0.00,$14.50,New,1,Visa,Closed,Shipped,2014-12-03 17:44 UTC,second,"Jane Doe 1234 Middle of Nowhere, TX 55055-1234 United States Primary Phone: +17138675309","Jane Doe 1234 Middle of Nowhere, TX 55055-1234 United States Primary Phone: +17138675309",UPS(1ZA84R270301027185)
Amazon.com,112-0000000-0000069,2014-12-14 18:16 UTC,USD,$29.99,$0.00,$7.99,$29.99,$0.00,$37.98,New,1,Visa,Closed,Shipped,2014-12-15 22:58 UTC,Exp Cont US Street Addr,"Jane Doe 1234 Middle of Nowhere, TX 55055-1234 United States Primary Phone: +17138675309","Jane Doe 1234 Middle of Nowhere, TX 55055-1234 United States Primary Phone: +17138675309",USPS(9405515901297147997185)
Amazon.com,112-0000000-0000070,2015-02-20 04:02 UTC,USD,$14.69,$0.00,$0.00,$14.69,$0.00,$14.69,New,1,Visa,Closed,Shipped,2015-02-20 21:03 UTC,second,"Jane Doe 1234 Middle of Nowhere, TX 55055-1234 United States Primary Phone: +17138675309","Jane Doe 1234 Middle of Nowhere, TX 55055-1234 United States Primary Phone: +17138675309",UPS(1ZA289640312036743)
Amazon.com,112-0000000-0000071,2015-03-07 14:45 UTC,USD,$0.78,$0.00,$3.99,$0.78,$0.00,$4.77,Used,1,Visa,Closed,Shipped,2015-03-09 18:44 UTC,Std US Dom,"Jane Doe 1234 Middle of Nowhere, TX 55055-1234 United States Primary Phone: +17138675309","Jane Doe 1234 Middle of Nowhere, TX 55055-1234 United States Primary Phone: +17138675309",USPS(9245893150872841353814)
Amazon.com,112-0000000-0000072,2015-04-24 02:06 UTC,USD,$3.99,$0.00,$0.00,$3.99,$0.00,$3.99,New,1,Visa,Closed,Shipped,2015-04-24 19:23 UTC,Std Cont US Street Addr,"Jane Doe 1234 Middle of Nowhere, TX 55055-1234 United States Primary Phone: +17138675309","Jane Doe 1234 Middle of Nowhere, TX 55055-1234 United States Primary Phone: +17138675309",USPS()
Amazon.com,112-0000000-0000073,2015-05-06 21:12 UTC,USD,$7.96,$0.78,$0.00,$7.96,$0.78,$8.74,New,1,Visa,Closed,Shipped,2015-05-07 09:08 UTC,second,"Jane Doe 1234 Middle of Nowhere, TX 55055-1234 United States Primary Phone: +17138675309","Jane Doe 1234 Middle of Nowhere, TX 55055-1234 United States Primary Phone: +17138675309",USPS(9341989878457102150207)
Amazon.com,112-0000000-0000074,2015-05-07 03:50 UTC,USD,$9.27,$0.00,$0.00,$9.27,$0.00,$9.27,New,1,Visa,Closed,Shipped,2015-05-07 20:17 UTC,second,"Jane Doe 1234 Middle of Nowhere, TX 55055-1234 United States Primary Phone: +17138675309","Jane Doe 1234 Middle of Nowhere, TX 55055-1234 United States Primary Phone: +17138675309",FEDEX(9611804195373324735574)
Amazon.com,112-0000000-0000075,2015-07-18 23:29 UTC,USD,$84.68,$6.99,$0.00,$84.68,$6.99,$91.67,New,1,Visa,Closed,Shipped,2015-07-20 20:31 UTC,second,"Jane Doe 1234 Middle of Nowhere, TX 55055-1234 United States Primary Phone: +17138675309","Jane Doe 1234 Middle of Nowhere, TX 55055-1234 United States Primary Phone: +17138675309",FEDEX_SECOND(646585467127)
Amazon.com,112-0000000-0000076,2015-09-04 20:43 UTC,USD,$25.49,$0.00,$0.00,$25.49,$0.00,$25.49,New,1,Visa,Closed,Shipped,2015-09-05 20:48 UTC,second,"Jane Doe 1234 Middle of Nowhere, TX 55055-1234 United States Primary Phone: +17138675309","Jane Doe 1234 Middle of Nowhere, TX 55055-1234 United States Primary Phone: +17138675309",FEDEX(645288853181)
Amazon.com,112-0000000-0000077,2015-09-04 20:52 UTC,USD,$9.00,$0.74,$0.00,$9.00,$0.74,$9.74,New,1,Visa,Closed,Shipped,2015-09-05 10:07 UTC,second,"Jane Doe 1234 Middle of Nowhere, TX 55055-1234 United States Primary Phone: +17138675309","Jane Doe 1234 Middle of Nowhere, TX 55055-1234 United States Primary Phone: +17138675309",USPS(9361289877264150135171)
Amazon.com,112-0000000-0000078,2015-09-12 01:44 UTC,USD,$18.78,$1.55,$0.00,$18.78,$1.55,$20.33,New,1,Visa,Closed,Shipped,2015-09-12 19:50 UTC,second,"Jane Doe 1234 Middle of Nowhere, TX 55055-1234 United States Primary Phone: +17138675309","Jane Doe 1234 Middle of Nowhere, TX 55055-1234 United States Primary Phone: +17138675309",USPS(9374889877226100699269)
Amazon.com,112-0000000-0000079,2015-09-13 14:31 UTC,USD,$38.07,$0.00,$4.93,$38.07,$0.00,$43.00,Used,1,Visa,Closed,Shipped,2015-09-15 11:52 UTC,Std Cont US Street Addr,"Jane Doe 1234 Middle of Nowhere, TX 55055-1234 United States Primary Phone: +17138675309","Jane Doe 1234 Middle of Nowhere, TX 55055-1234 United States Primary Phone: +17138675309",USPS(9300120111400918528656)
Amazon.com,112-0000000-0000080,2015-10-16 16:26 UTC,USD,$7.00,$0.58,$0.00,$7.00,$0.58,$7.58,New,1,Visa,Closed,Shipped,2015-10-17 09:42 UTC,second,"Jane Doe 1234 Middle of Nowhere, TX 55055-1234 United States Primary Phone: +17138675309","Jane Doe 1234 Middle of Nowhere, TX 55055-1234 United States Primary Phone: +17138675309",USPS(9374889877260101443766)
Amazon.com,112-0000000-0000081,2015-11-06 23:07 UTC,USD,$39.99,$2.47,$0.00,$39.99,$2.47,$42.46,New,1,Visa,Closed,Shipped,2015-11-07 11:46 UTC,second,"Jane Doe 1234 Middle of Nowhere, TX 55055-1234 United States Primary Phone: +17138675309","Jane Doe 1234 Middle of Nowhere, TX 55055-1234 United States Primary Phone: +17138675309",USPS(9361289877264158094296)
Amazon.com,112-0000000-0000082,2015-12-01 02:41 UTC,USD,$19.90,$0.00,$0.00,$19.90,$0.00,$19.90,New,1,Visa,Closed,Shipped,2015-12-02 05:07 UTC,Econ US Dom,"Jane Doe 1234 Middle of Nowhere, TX 55055-1234 United States Primary Phone: +17138675309","Jane Doe 1234 Middle of Nowhere, TX 55055-1234 United States Primary Phone: +17138675309",singapo spack i(LN244624892SG)
Amazon.com,112-0000000-0000083,2015-12-01 02:42 UTC,USD,$19.90,$0.00,$0.00,,,$19.90,New,0,Visa,Cancelled,,,Econ US Dom,"Jane Doe 1234 Middle of Nowhere, TX 55055-1234 United States Primary Phone: +17138675309","Jane Doe 1234 Middle of Nowhere, TX 55055-1234 United States Primary Phone: +17138675309",
Amazon.com,112-0000000-0000084,2015-12-01 02:44 UTC,USD,$19.90,$0.00,$0.00,$19.90,$0.00,$19.90,New,1,Visa,Closed,Shipped,2015-12-02 05:07 UTC,Econ US Dom,"Jane Doe 1234 Middle of Nowhere, TX 55055-1234 United States Primary Phone: +17138675309","Jane Doe 1234 Middle of Nowhere, TX 55055-1234 United States Primary Phone: +17138675309",singapo spack i(LN244625650SG)
Amazon.com,112-0000000-0000085,2016-04-06 01:16 UTC,USD,$169.99,$14.02,$0.00,$169.99,$14.02,$184.01,New,1,Visa,Closed,Shipped,2016-04-06 11:39 UTC,second,"Jane Doe 1234 Middle of Nowhere, TX 55055-1234 United States Primary Phone: +17138675309","Jane Doe 1234 Middle of Nowhere, TX 55055-1234 United States Primary Phone: +17138675309",USPS(9361289671090018659798)
Amazon.com,112-0000000-0000086,2016-04-15 01:16 UTC,USD,$8.28,$0.00,$0.00,$8.28,$0.00,$8.28,Used,1,Visa,Closed,Shipped,2016-04-15 10:46 UTC,second,"Jane Doe 1234 Middle of Nowhere, TX 55055-1234 United States Primary Phone: +17138675309","Jane Doe 1234 Middle of Nowhere, TX 55055-1234 United States Primary Phone: +17138675309",USPS(9341989671090003249527)
Amazon.com,112-0000000-0000087,2016-04-15 01:16 UTC,USD,$4.40,$0.00,$0.00,$4.40,$0.00,$4.40,Used,1,Visa,Closed,Shipped,2016-04-16 06:08 UTC,second,"Jane Doe 1234 Middle of Nowhere, TX 55055-1234 United States Primary Phone: +17138675309","Jane Doe 1234 Middle of Nowhere, TX 55055-1234 United States Primary Phone: +17138675309",USPS(9341989671090003252817)
Amazon.com,112-0000000-0000088,2016-08-10 22:50 UTC,USD,$19.80,$1.63,$0.00,$19.80,$1.63,$21.43,New,1,Visa,Closed,Shipped,2016-08-11 16:25 UTC,second,"Jane Doe 1234 Middle of Nowhere, TX 55055-1234 United States Primary Phone: +17138675309","Jane Doe 1234 Middle of Nowhere, TX 55055-1234 United States Primary Phone: +17138675309",UPS(1Z885V9Y0321063956)
Amazon.com,112-0000000-0000089,2016-12-10 18:30 UTC,USD,$12.07,$0.00,$0.00,$12.07,$0.00,$12.07,New,1,Visa,Closed,Shipped,2016-12-13 18:32 UTC,second,"Jane Doe 1234 Middle of Nowhere, TX 55055-1234 United States Primary Phone: +17138675309","Jane Doe 1234 Middle of Nowhere, TX 55055-1234 United States Primary Phone: +17138675309",FEDEX(671319743980)
Amazon.com,112-0000000-0000090,2016-12-10 18:30 UTC,USD,$12.99,$1.07,$0.00,$27.98,$1.07,$14.06,New,1,Visa,Closed,Shipped,2016-12-11 16:54 UTC,second,"Jane Doe 1234 Middle of Nowhere, TX 55055-1234 United States Primary Phone: +17138675309","Jane Doe 1234 Middle of Nowhere, TX 55055-1234 United States Primary Phone: +17138675309",AMZN_US(TBA135835934000)
Amazon.com,112-0000000-0000091,2016-12-10 18:30 UTC,USD,$14.99,$0.00,$0.00,$27.98,$1.07,$14.99,New,1,Visa,Closed,Shipped,2016-12-11 16:54 UTC,second,"Jane Doe 1234 Middle of Nowhere, TX 55055-1234 United States Primary Phone: +17138675309","Jane Doe 1234 Middle of Nowhere, TX 55055-1234 United States Primary Phone: +17138675309",AMZN_US(TBA135835934000)
Amazon.com,112-0000000-0000092,2016-12-10 18:30 UTC,USD,$81.99,$6.76,$0.00,$81.99,$6.76,$88.75,New,1,Visa,Closed,Shipped,2016-12-11 08:39 UTC,second,"Jane Doe 1234 Middle of Nowhere, TX 55055-1234 United States Primary Phone: +17138675309","Jane Doe 1234 Middle of Nowhere, TX 55055-1234 United States Primary Phone: +17138675309",USPS(9361289671090134662658)
Amazon.com,112-0000000-0000093,2016-12-10 18:30 UTC,USD,$12.93,$0.00,$0.00,$12.93,$0.00,$12.93,New,1,Visa,Closed,Shipped,2016-12-12 23:33 UTC,Std US D2D Dom,"Jane Doe 1234 Middle of Nowhere, TX 55055-1234 United States Primary Phone: +17138675309","Jane Doe 1234 Middle of Nowhere, TX 55055-1234 United States Primary Phone: +17138675309",USPS(9405511699000502479253)
Amazon.com,112-0000000-0000094,2016-12-20 21:58 UTC,USD,$74.99,$0.00,$0.00,$74.99,$0.00,$74.99,New,1,Visa,Closed,Shipped,2016-12-21 16:29 UTC,second,"Jane Doe 1234 Middle of Nowhere, TX 55055-1234 United States Primary Phone: +17138675309","Jane Doe 1234 Middle of Nowhere, TX 55055-1234 United States Primary Phone: +17138675309",USPS(9374889679090084510205)
Amazon.com,112-0000000-0000095,2016-12-20 21:58 UTC,USD,$6.99,$0.00,$0.00,,,$6.99,New,0,Visa,Closed,,,second,"Jane Doe 1234 Middle of Nowhere, TX 55055-1234 United States Primary Phone: +17138675309","Jane Doe 1234 Middle of Nowhere, TX 55055-1234 United States Primary Phone: +17138675309",
Amazon.com,112-0000000-0000096,2016-12-23 15:23 UTC,USD,$16.95,$0.00,$0.00,$16.95,$0.00,$16.95,New,1,Visa,Closed,Shipped,2016-12-24 10:20 UTC,second,"Jane Doe 1234 Middle of Nowhere, TX 55055-1234 United States Primary Phone: +17138675309","Jane Doe 1234 Middle of Nowhere, TX 55055-1234 United States Primary Phone: +17138675309",USPS(9374889679090086085299)
Amazon.com,112-0000000-0000097,2016-12-30 20:21 UTC,USD,$22.99,$0.00,$0.00,$22.99,$0.00,$22.99,New,1,Visa,Closed,Shipped,2017-01-03 21:24 UTC,second,"Jane Doe 1234 Middle of Nowhere, TX 55055-1234 United States Primary Phone: +17138675309","Jane Doe 1234 Middle of Nowhere, TX 55055-1234 United States Primary Phone: +17138675309",AMZN_US(TBA153187570000)
Amazon.com,112-0000000-0000098,2017-03-21 19:15 UTC,USD,$89.99,$0.00,$0.00,$89.99,$0.00,$89.99,New,1,Visa,Closed,Shipped,2017-03-21 20:56 UTC,Std US D2D Dom,"Jane Doe 1234 Middle of Nowhere, TX 55055-1234 United States Primary Phone: +17138675309","Jane Doe 1234 Middle of Nowhere, TX 55055-1234 United States Primary Phone: +17138675309",USPS(9405511699000279889866)
Amazon.com,112-0000000-0000099,2017-04-18 22:20 UTC,USD,$9.95,$0.00,$0.00,$9.95,$0.00,$9.95,Used,1,Visa,Closed,Shipped,2017-04-20 13:40 UTC,second,"Jane Doe 1234 Middle of Nowhere, TX 55055-1234 United States Primary Phone: +17138675309","Jane Doe 1234 Middle of Nowhere, TX 55055-1234 United States Primary Phone: +17138675309",USPS(9341989671090037593832)
Amazon.com,112-0000000-0000100,2017-04-29 20:43 UTC,USD,$24.99,$2.06,$0.00,$24.99,$2.06,$27.05,New,1,Visa,Closed,Shipped,2017-04-30 16:34 UTC,second,"Jane Doe 1234 Middle of Nowhere, TX 55055-1234 United States Primary Phone: +17138675309","Jane Doe 1234 Middle of Nowhere, TX 55055-1234 United States Primary Phone: +17138675309",AMZN_US(TBA260817385000)
Amazon.com,112-0000000-0000101,2017-05-08 19:29 UTC,USD,$15.51,$1.28,$0.00,$15.51,$1.28,$16.79,New,1,Visa,Closed,Shipped,2017-05-09 16:58 UTC,second,"Jane Doe 1234 Middle of Nowhere, TX 55055-1234 United States Primary Phone: +17138675309","Jane Doe 1234 Middle of Nowhere, TX 55055-1234 United States Primary Phone: +17138675309",USPS(9361289671090210537139)
Amazon.com,112-0000000-0000102,2017-07-22 16:58 UTC,USD,$17.19,$1.42,$0.00,$17.19,$1.42,$18.61,New,1,Visa,Closed,Shipped,2017-07-22 23:59 UTC,second,"Jane Doe 1234 Middle of Nowhere, TX 55055-1234 United States Primary Phone: +17138675309","Jane Doe 1234 Middle of Nowhere, TX 55055-1234 United States Primary Phone: +17138675309",USPS(9361289671090250377450)
Amazon.com,112-0000000-0000103,2017-07-27 02:32 UTC,USD,$27.95,$2.73,$0.00,$27.95,$2.73,$30.68,New,1,Visa,Closed,Shipped,2017-07-27 21:49 UTC,second,"Jane Doe 1234 Middle of Nowhere, TX 55055-1234 United States Primary Phone: +17138675309","Jane Doe 1234 Middle of Nowhere, TX 55055-1234 United States Primary Phone: +17138675309",UPS(1Z30Y8241359294789)
Amazon.com,112-0000000-0000104,2017-08-11 21:24 UTC,USD,$15.19,$1.25,$0.00,$15.19,$1.25,$16.44,New,1,Visa,Closed,Shipped,2017-08-12 22:32 UTC,second,"Jane Doe 1234 Middle of Nowhere, TX 55055-1234 United States Primary Phone: +17138675309","Jane Doe 1234 Middle of Nowhere, TX 55055-1234 United States Primary Phone: +17138675309",AMZN_US(TBA395822801000)
Amazon.com,112-0000000-0000105,2017-10-22 02:31 UTC,USD,$24.79,$0.00,$0.00,$24.79,$0.00,$24.79,New,1,Visa,Closed,Shipped,2017-10-22 21:51 UTC,second,"Jane Doe 1234 Middle of Nowhere, TX 55055-1234 United States Primary Phone: +17138675309","Jane Doe 1234 Middle of Nowhere, TX 55055-1234 United States Primary Phone: +17138675309",AMZN_US(TBA502783870000)
Amazon.com,112-0000000-0000106,2017-11-21 00:17 UTC,USD,$22.97,$1.51,$0.00,$22.97,$1.51,$24.48,New,1,Visa,Closed,Shipped,2017-11-21 12:24 UTC,second,"Jane Doe 1234 Middle of Nowhere, TX 55055-1234 United States Primary Phone: +17138675309","Jane Doe 1234 Middle of Nowhere, TX 55055-1234 United States Primary Phone: +17138675309",AMZN_US(TBA560475803000)
Amazon.com,112-0000000-0000107,2017-11-26 16:32 UTC,USD,$69.95,$4.95,$0.00,$69.95,$4.95,$74.90,New,1,Visa,Closed,Shipped,2017-11-27 18:35 UTC,second,"Jane Doe 1234 Middle of Nowhere, TX 55055-1234 United States Primary Phone: +17138675309","Jane Doe 1234 Middle of Nowhere, TX 55055-1234 United States Primary Phone: +17138675309",AMZN_US(TBA573761933000)
Amazon.com,112-0000000-0000108,2017-12-04 02:40 UTC,USD,$74.99,$6.19,$0.00,$159.05,$13.12,$81.18,New,1,Visa,Closed,Shipped,2017-12-05 02:13 UTC,second,"Jane Doe 1234 Middle of Nowhere, TX 55055-1234 United States Primary Phone: +17138675309","Jane Doe 1234 Middle of Nowhere, TX 55055-1234 United States Primary Phone: +17138675309",UPS(1ZW0W3650326643478)
Amazon.com,112-0000000-0000109,2017-12-04 02:40 UTC,USD,$84.06,$6.93,$0.00,$159.05,$13.12,$90.99,Used,1,Visa,Closed,Shipped,2017-12-05 02:13 UTC,second,"Jane Doe 1234 Middle of Nowhere, TX 55055-1234 United States Primary Phone: +17138675309","Jane Doe 1234 Middle of Nowhere, TX 55055-1234 United States Primary Phone: +17138675309",UPS(1ZW0W3650326643478)
Amazon.com,112-0000000-0000110,2017-12-08 03:53 UTC,USD,$0.72,$0.00,$4.69,$0.72,$0.00,$5.41,New,1,Visa,Closed,Shipped,2017-12-08 14:45 UTC,Std US D2D Dom,"Jane Doe 1234 Middle of Nowhere, TX 55055-1234 United States Primary Phone: +17138675309","Jane Doe 1234 Middle of Nowhere, TX 55055-1234 United States Primary Phone: +17138675309",USPS(9300120111402352443915)
Amazon.com,112-0000000-0000111,2017-12-12 22:17 UTC,USD,$14.99,$0.00,$0.00,$14.99,$0.00,$14.99,New,1,Visa,Closed,Shipped,2017-12-13 14:34 UTC,second,"Jane Doe 1234 Middle of Nowhere, TX 55055-1234 United States Primary Phone: +17138675309","Jane Doe 1234 Middle of Nowhere, TX 55055-1234 United States Primary Phone: +17138675309",USPS(9374889671090277830491)
Amazon.com,112-0000000-0000112,2018-02-11 21:23 UTC,USD,$18.99,$0.00,$0.00,$29.98,$0.00,$18.99,New,1,Visa,Closed,Shipped,2018-02-12 03:06 UTC,second,"Jane Doe 1234 Middle of Nowhere, TX 55055-1234 United States Primary Phone: +17138675309","Jane Doe 1234 Middle of Nowhere, TX 55055-1234 United States Primary Phone: +17138675309",AMZN_US(TBA749292806000)
Amazon.com,112-0000000-0000113,2018-02-11 21:23 UTC,USD,$10.99,$0.00,$0.00,$29.98,$0.00,$10.99,New,1,Visa,Closed,Shipped,2018-02-12 03:06 UTC,second,"Jane Doe 1234 Middle of Nowhere, TX 55055-1234 United States Primary Phone: +17138675309","Jane Doe 1234 Middle of Nowhere, TX 55055-1234 United States Primary Phone: +17138675309",AMZN_US(TBA749292806000)
Amazon.com,112-0000000-0000114,2018-05-06 23:35 UTC,USD,$79.94,$0.00,$0.00,$79.94,$0.00,$79.94,New,1,Visa,Closed,Shipped,2018-05-08 04:25 UTC,second,"Jane Doe 1234 Middle of Nowhere, TX 55055-1234 United States Primary Phone: +17138675309","Jane Doe 1234 Middle of Nowhere, TX 55055-1234 United States Primary Phone: +17138675309",AMZN_US(TBA942835553000)
Amazon.com,112-0000000-0000115,2018-06-09 17:20 UTC,USD,$39.95,$0.00,$3.99,$39.95,$0.00,$43.94,New,1,Visa,Closed,Shipped,2018-06-11 20:09 UTC,Std US D2D Dom,"Jane Doe 1234 Middle of Nowhere, TX 55055-1234 United States Primary Phone: +17138675309","Jane Doe 1234 Middle of Nowhere, TX 55055-1234 United States Primary Phone: +17138675309",USPS(9449011298370982645184)
Amazon.com,112-0000000-0000116,2018-07-17 00:41 UTC,USD,$79.99,$5.85,$0.00,$79.99,$5.85,$85.84,New,1,Visa,Closed,Shipped,2018-07-17 19:24 UTC,same-us-promo,"Jane Doe 1234 Middle of Nowhere, TX 55055-1234 United States Primary Phone: +17138675309","Jane Doe 1234 Middle of Nowhere, TX 55055-1234 United States Primary Phone: +17138675309",AMZN_US(TBA112493877000)
Amazon.com,112-0000000-0000117,2018-10-02 16:53 UTC,USD,$9.99,$0.82,$0.00,$9.99,$0.82,$10.81,New,1,Visa,Closed,Shipped,2018-10-03 06:33 UTC,second,"Jane Doe 1234 Middle of Nowhere, TX 55055-1234 United States Primary Phone: +17138675309","Jane Doe 1234 Middle of Nowhere, TX 55055-1234 United States Primary Phone: +17138675309",USPS(9341989671090089392056)
Amazon.com,112-0000000-0000118,2018-11-21 03:43 UTC,USD,$16.47,$1.22,$0.00,$28.79,$2.13,$17.69,New,1,Visa,Closed,Shipped,2018-11-21 21:49 UTC,second,"Jane Doe 1234 Middle of Nowhere, TX 55055-1234 United States Primary Phone: +17138675309","Jane Doe 1234 Middle of Nowhere, TX 55055-1234 United States Primary Phone: +17138675309",AMZN_US(TBA460855212000)
Amazon.com,112-0000000-0000119,2018-11-21 03:43 UTC,USD,$12.32,$0.91,$0.00,$28.79,$2.13,$13.23,New,1,Visa,Closed,Shipped,2018-11-21 21:49 UTC,second,"Jane Doe 1234 Middle of Nowhere, TX 55055-1234 United States Primary Phone: +17138675309","Jane Doe 1234 Middle of Nowhere, TX 55055-1234 United States Primary Phone: +17138675309",AMZN_US(TBA460855212000)
Amazon.com,112-0000000-0000120,2018-11-24 01:00 UTC,USD,$43.20,$3.21,$0.00,$43.20,$3.21,$46.41,New,1,Visa,Closed,Shipped,2018-11-24 14:03 UTC,second,"Jane Doe 1234 Middle of Nowhere, TX 55055-1234 United States Primary Phone: +17138675309","Jane Doe 1234 Middle of Nowhere, TX 55055-1234 United States Primary Phone: +17138675309",AMZN_US(TBA470150396000)
Amazon.com,112-0000000-0000121,2018-11-24 02:39 UTC,USD,$131.22,$10.09,$0.00,$131.22,$10.09,$141.31,New,1,Visa,Closed,Shipped,2018-11-24 16:22 UTC,second,"Jane Doe 1234 Middle of Nowhere, TX 55055-1234 United States Primary Phone: +17138675309","Jane Doe 1234 Middle of Nowhere, TX 55055-1234 United States Primary Phone: +17138675309",AMZN_US(TBA470761502000)
Amazon.com,112-0000000-0000122,2018-11-24 02:39 UTC,USD,$33.01,$2.54,$0.00,$33.01,$2.54,$35.55,New,1,Visa,Closed,Shipped,2018-11-27 22:25 UTC,second,"Jane Doe 1234 Middle of Nowhere, TX 55055-1234 United States Primary Phone: +17138675309","Jane Doe 1234 Middle of Nowhere, TX 55055-1234 United States Primary Phone: +17138675309",UPS(1Z377R951362817792)
Amazon.com,112-0000000-0000123,2018-11-24 02:39 UTC,USD,$24.75,$1.90,$0.00,$24.75,$1.90,$26.65,New,1,Visa,Closed,Shipped,2018-11-25 23:33 UTC,second,"Jane Doe 1234 Middle of Nowhere, TX 55055-1234 United States Primary Phone: +17138675309","Jane Doe 1234 Middle of Nowhere, TX 55055-1234 United States Primary Phone: +17138675309",AMZN_US(TBA474646198000)
Amazon.com,112-0000000-0000124,2018-11-30 21:37 UTC,USD,$8.94,$0.00,$3.99,$8.94,$0.00,$12.93,New,1,Visa,Closed,Shipped,2018-12-01 01:26 UTC,Std US D2D Dom,"Jane Doe 1234 Middle of Nowhere, TX 55055-1234 United States Primary Phone: +17138675309","Jane Doe 1234 Middle of Nowhere, TX 55055-1234 United States Primary Phone: +17138675309",OSM(9241990172381362369614)
Amazon.com,112-0000000-0000125,2018-11-30 21:37 UTC,USD,$14.99,$0.00,$0.00,$14.99,$0.00,$14.99,New,1,Visa,Closed,Shipped,2018-12-01 06:42 UTC,second,"Jane Doe 1234 Middle of Nowhere, TX 55055-1234 United States Primary Phone: +17138675309","Jane Doe 1234 Middle of Nowhere, TX 55055-1234 United States Primary Phone: +17138675309",AMZN_US(TBA500658640000)
Amazon.com,112-0000000-0000126,2018-12-01 16:29 UTC,USD,$29.99,$2.47,$0.00,$29.99,$2.47,$32.46,New,1,Visa,Closed,Shipped,2018-12-04 06:29 UTC,second,"Jane Doe 1234 Middle of Nowhere, TX 55055-1234 United States Primary Phone: +17138675309","Jane Doe 1234 Middle of Nowhere, TX 55055-1234 United States Primary Phone: +17138675309",AMZN_US(TBA510430594000)
Amazon.com,112-0000000-0000127,2018-12-01 16:29 UTC,USD,$249.00,$20.54,$0.00,$249.00,$20.54,$269.54,New,1,Visa,Closed,Shipped,2018-12-02 03:07 UTC,second,"Jane Doe 1234 Middle of Nowhere, TX 55055-1234 United States Primary Phone: +17138675309","Jane Doe 1234 Middle of Nowhere, TX 55055-1234 United States Primary Phone: +17138675309",AMZN_US(TBA503558333000)
Amazon.com,112-0000000-0000128,2018-12-04 02:28 UTC,USD,$7.99,$0.00,$0.00,$7.99,$0.00,$7.99,New,1,Visa,Closed,Shipped,2018-12-05 06:38 UTC,second,"Jane Doe 1234 Middle of Nowhere, TX 55055-1234 United States Primary Phone: +17138675309","Jane Doe 1234 Middle of Nowhere, TX 55055-1234 United States Primary Phone: +17138675309",USPS(9374889671090449414580)
Amazon.com,112-0000000-0000129,2018-12-08 17:43 UTC,USD,$14.88,$1.23,$0.00,$14.88,$1.23,$16.11,New,1,Visa,Closed,Shipped,2018-12-09 03:01 UTC,second,"Jane Doe 1234 Middle of Nowhere, TX 55055-1234 United States Primary Phone: +17138675309","Jane Doe 1234 Middle of Nowhere, TX 55055-1234 United States Primary Phone: +17138675309",AMZN_US(TBA536857598000)
Amazon.com,112-0000000-0000130,2018-12-08 17:43 UTC,USD,$24.99,$0.00,$0.00,$64.97,$0.00,$24.99,New,1,Visa,Closed,Shipped,2018-12-10 16:39 UTC,second,"Jane Doe 1234 Middle of Nowhere, TX 55055-1234 United States Primary Phone: +17138675309","Jane Doe 1234 Middle of Nowhere, TX 55055-1234 United States Primary Phone: +17138675309",AMZN_US(TBA542645566000)
Amazon.com,112-0000000-0000131,2018-12-08 17:43 UTC,USD,$19.99,$0.00,$0.00,$64.97,$0.00,$19.99,New,1,Visa,Closed,Shipped,2018-12-10 16:39 UTC,second,"Jane Doe 1234 Middle of Nowhere, TX 55055-1234 United States Primary Phone: +17138675309","Jane Doe 1234 Middle of Nowhere, TX 55055-1234 United States Primary Phone: +17138675309",AMZN_US(TBA542645566000)
Amazon.com,112-0000000-0000132,2018-12-08 17:43 UTC,USD,$19.99,$0.00,$0.00,$64.97,$0.00,$19.99,New,1,Visa,Closed,Shipped,2018-12-10 16:39 UTC,second,"Jane Doe 1234 Middle of Nowhere, TX 55055-1234 United States Primary Phone: +17138675309","Jane Doe 1234 Middle of Nowhere, TX 55055-1234 United States Primary Phone: +17138675309",AMZN_US(TBA542645566000)
Amazon.com,112-0000000-0000133,2018-12-11 20:26 UTC,USD,$25.88,$0.00,$0.00,$25.88,$0.00,$25.88,New,1,Visa,Closed,Shipped,2018-12-12 04:19 UTC,second,"Jane Doe 1234 Middle of Nowhere, TX 55055-1234 United States Primary Phone: +17138675309","Jane Doe 1234 Middle of Nowhere, TX 55055-1234 United States Primary Phone: +17138675309",AMZN_US(TBA551284384000)
Amazon.com,112-0000000-0000134,2019-04-10 23:21 UTC,USD,$25.99,$0.00,$0.00,$25.99,$0.00,$25.99,New,1,Visa,Closed,Shipped,2019-04-13 05:06 UTC,no-rush-delivery,"Jane Doe 1234 Middle of Nowhere, TX 55055-1234 United States Primary Phone: +17138675309","Jane Doe 1234 Middle of Nowhere, TX 55055-1234 United States Primary Phone: +17138675309",USPS(9374889671090496332837)
Amazon.com,112-0000000-0000135,2019-04-23 23:12 UTC,USD,$14.99,$1.24,$0.00,$34.98,$2.89,$16.23,New,1,Visa,Closed,Shipped,2019-04-25 06:45 UTC,no-rush-delivery,"Jane Doe 1234 Middle of Nowhere, TX 55055-1234 United States Primary Phone: +17138675309","Jane Doe 1234 Middle of Nowhere, TX 55055-1234 United States Primary Phone: +17138675309",AMZN_US(TBA097387243000)
Amazon.com,112-0000000-0000136,2019-04-23 23:12 UTC,USD,$19.99,$1.65,$0.00,$34.98,$2.89,$21.64,New,1,Visa,Closed,Shipped,2019-04-25 06:45 UTC,no-rush-delivery,"Jane Doe 1234 Middle of Nowhere, TX 55055-1234 United States Primary Phone: +17138675309","Jane Doe 1234 Middle of Nowhere, TX 55055-1234 United States Primary Phone: +17138675309",AMZN_US(TBA097387243000)
Amazon.com,112-0000000-0000137,2019-07-19 02:36 UTC,USD,$89.99,$0.00,$0.00,$89.99,$0.00,$89.99,New,1,Visa,Closed,Shipped,2019-07-19 12:07 UTC,next-1dc,"Jane Doe 1234 Middle of Nowhere, TX 55055-1234 United States Primary Phone: +17138675309","Jane Doe 1234 Middle of Nowhere, TX 55055-1234 United States Primary Phone: +17138675309",AMZN_US(TBA524382511000)
Amazon.com,112-0000000-0000138,2019-09-07 16:45 UTC,USD,$15.51,$0.00,$0.00,$15.51,$0.00,$15.51,New,1,Visa,Closed,Shipped,2019-09-07 19:28 UTC,next-1dc,"Jane Doe 1234 Middle of Nowhere, TX 55055-1234 United States Primary Phone: +17138675309","Jane Doe 1234 Middle of Nowhere, TX 55055-1234 United States Primary Phone: +17138675309",AMZN_US(TBA800343660000)
Amazon.com,112-0000000-0000139,2019-09-07 21:35 UTC,USD,$19.99,$0.00,$0.00,$19.99,$0.00,$19.99,New,1,Visa,Closed,Shipped,2019-09-09 14:41 UTC,Econ US Dom,"Jane Doe 1234 Middle of Nowhere, TX 55055-1234 United States Primary Phone: +17138675309","Jane Doe 1234 Middle of Nowhere, TX 55055-1234 United States Primary Phone: +17138675309",USPS(9114902307224178313270)
Amazon.com,112-0000000-0000140,2019-09-15 01:25 UTC,USD,$23.99,$0.00,$0.00,$23.99,$0.00,$23.99,New,1,Visa,Closed,Shipped,2019-09-15 16:45 UTC,next-1dc,"Jane Doe 1234 Middle of Nowhere, TX 55055-1234 United States Primary Phone: +17138675309","Jane Doe 1234 Middle of Nowhere, TX 55055-1234 United States Primary Phone: +17138675309",AMZN_US(TBA843100317000)
Amazon.com,112-0000000-0000141,2019-11-16 02:18 UTC,USD,$14.99,$1.24,$0.00,$14.99,$1.24,$16.23,New,1,Visa,Closed,Shipped,2019-11-16 17:42 UTC,std-us-nft,"Jane Doe 1234 Middle of Nowhere, TX 55055-1234 United States Primary Phone: +17138675309","Jane Doe 1234 Middle of Nowhere, TX 55055-1234 United States Primary Phone: +17138675309",USPS_FIRST_CLASS_PARCEL(9200190224054389206758)
Amazon.com,112-0000000-0000142,2019-12-01 02:09 UTC,USD,$99.99,$9.75,$0.00,$99.99,$9.75,$109.74,New,1,Visa,Closed,Shipped,2019-12-04 22:08 UTC,second-nominated-day,"Jane Doe 1234 Middle of Nowhere, TX 55055-1234 United States Primary Phone: +17138675309","Jane Doe 1234 Middle of Nowhere, TX 55055-1234 United States Primary Phone: +17138675309",AMZN_US(TBA353657020000)
Amazon.com,112-0000000-0000143,2019-12-01 17:44 UTC,USD,$69.99,$5.77,$0.00,$69.99,$5.77,$75.76,New,1,Visa,Closed,Shipped,2019-12-04 05:18 UTC,second-nominated-day,"Jane Doe 1234 Middle of Nowhere, TX 55055-1234 United States Primary Phone: +17138675309","Jane Doe 1234 Middle of Nowhere, TX 55055-1234 United States Primary Phone: +17138675309",AMZN_US(TBA347605969000)
Amazon.com,112-0000000-0000144,2019-12-03 00:54 UTC,USD,$52.49,$4.33,$0.00,$52.49,$4.33,$56.82,New,1,Visa,Closed,Shipped,2019-12-04 10:02 UTC,next-1dc,"Jane Doe 1234 Middle of Nowhere, TX 55055-1234 United States Primary Phone: +17138675309","Jane Doe 1234 Middle of Nowhere, TX 55055-1234 United States Primary Phone: +17138675309",AMZN_US(TBA348173434000)
Amazon.com,112-0000000-0000145,2019-12-04 04:40 UTC,USD,$69.49,$5.45,$0.00,$69.49,$5.45,$74.94,New,1,Visa,Closed,Shipped,2019-12-04 16:37 UTC,next-1dc,"Jane Doe 1234 Middle of Nowhere, TX 55055-1234 United States Primary Phone: +17138675309","Jane Doe 1234 Middle of Nowhere, TX 55055-1234 United States Primary Phone: +17138675309",AMZN_US(TBA353941045000)
Amazon.com,112-0000000-0000146,2019-12-19 03:59 UTC,USD,$10.99,$0.91,$0.00,$10.99,$0.91,$11.90,New,1,Visa,Closed,Shipped,2019-12-19 15:52 UTC,Std US D2D Dom,"Jane Doe 1234 Middle of Nowhere, TX 55055-1234 United States Primary Phone: +17138675309","Jane Doe 1234 Middle of Nowhere, TX 55055-1234 United States Primary Phone: +17138675309",UK_RoyalMailAirmailInternational(2C0213847000000511056)
Amazon.com,112-0000000-0000147,2019-12-29 00:21 UTC,USD,$36.99,$3.05,$0.00,$36.99,$3.05,$40.04,New,1,Visa,Closed,Shipped,2019-12-29 18:32 UTC,next-1dc,"Jane Doe 1234 Middle of Nowhere, TX 55055-1234 United States Primary Phone: +17138675309","Jane Doe 1234 Middle of Nowhere, TX 55055-1234 United States Primary Phone: +17138675309",UPS(1Z30482W1390465199)
Amazon.com,112-0000000-0000148,2020-01-01 21:17 UTC,USD,$11.97,$0.00,$0.00,,,$11.97,New,0,Visa,Cancelled,,,next-1dc,"Jane Doe 1234 Middle of Nowhere, TX 55055-1234 United States Primary Phone: +17138675309","Jane Doe 1234 Middle of Nowhere, TX 55055-1234 United States Primary Phone: +17138675309",
Amazon.com,112-0000000-0000149,2020-01-18 21:12 UTC,USD,$33.99,$1.73,$0.00,$33.99,$1.73,$35.72,New,1,Visa,Closed,Shipped,2020-01-19 02:21 UTC,next-1dc,"Jane Doe 1234 Middle of Nowhere, TX 55055-1234 United States Primary Phone: +17138675309","Jane Doe 1234 Middle of Nowhere, TX 55055-1234 United States Primary Phone: +17138675309",AMZN_US(TBA699600122000)
Amazon.com,112-0000000-0000150,2020-01-28 03:21 UTC,USD,$31.89,$2.63,$0.00,$31.89,$2.63,$34.52,New,1,Visa,Closed,Shipped,2020-01-28 10:15 UTC,next-1dc,"Jane Doe 1234 Middle of Nowhere, TX 55055-1234 United States Primary Phone: +17138675309","Jane Doe 1234 Middle of Nowhere, TX 55055-1234 United States Primary Phone: +17138675309",AMZN_US(TBA766519286000)
Amazon.com,112-0000000-0000151,2020-02-01 16:02 UTC,USD,$89.99,$7.42,$0.00,$89.99,$7.42,$97.41,New,1,Visa,Closed,Shipped,2020-02-02 10:27 UTC,next-1dc,"Jane Doe 1234 Middle of Nowhere, TX 55055-1234 United States Primary Phone: +17138675309","Jane Doe 1234 Middle of Nowhere, TX 55055-1234 United States Primary Phone: +17138675309",AMZN_US(TBA797288555000)
Amazon.com,112-0000000-0000152,2020-02-16 15:15 UTC,USD,$12.99,$0.00,$0.00,,,$12.99,New,0,Visa,Cancelled,,,next-1dc,"Jane Doe 1234 Middle of Nowhere, TX 55055-1234 United States Primary Phone: +17138675309","Jane Doe 1234 Middle of Nowhere, TX 55055-1234 United States Primary Phone: +17138675309",
Amazon.com,112-0000000-0000153,2020-02-23 03:33 UTC,USD,$3.99,$0.33,$0.00,$3.99,$0.33,$4.32,New,1,Visa,Closed,Shipped,2020-02-23 15:44 UTC,next-1dc,"Jane Doe 1234 Middle of Nowhere, TX 55055-1234 United States Primary Phone: +17138675309","Jane Doe 1234 Middle of Nowhere, TX 55055-1234 United States Primary Phone: +17138675309",USPS(9341989671090123706597)
Amazon.com,112-0000000-0000154,2020-03-16 21:00 UTC,USD,$24.99,$2.06,$0.00,$24.99,$2.06,$27.05,New,1,Visa,Closed,Shipped,2020-03-17 17:37 UTC,next-1dc,"Jane Doe 1234 Middle of Nowhere, TX 55055-1234 United States Primary Phone: +17138675309","Jane Doe 1234 Middle of Nowhere, TX 55055-1234 United States Primary Phone: +17138675309",AMZN_US(TBA106514600000)
Amazon.com,112-0000000-0000155,2020-03-30 17:50 UTC,USD,$79.99,$6.60,$0.00,$79.99,$6.60,$86.59,New,1,Visa,Closed,Shipped,2020-03-30 20:14 UTC,Second US D2D Dom,"Jane Doe 1234 Middle of Nowhere, TX 55055-1234 United States Primary Phone: +17138675309","Jane Doe 1234 Middle of Nowhere, TX 55055-1234 United States Primary Phone: +17138675309",UPS(1Z1E6R530391934373)
Amazon.com,112-0000000-0000156,2020-04-18 19:05 UTC,USD,$19.14,$1.58,$0.00,$19.14,$1.58,$20.72,New,1,Visa,Closed,Shipped,2020-04-21 20:06 UTC,Std US D2D Dom,"Jane Doe 1234 Middle of Nowhere, TX 55055-1234 United States Primary Phone: +17138675309","Jane Doe 1234 Middle of Nowhere, TX 55055-1234 United States Primary Phone: +17138675309",FedEx(80850929083518)
Amazon.com,112-0000000-0000157,2020-04-20 23:00 UTC,USD,$57.37,$4.73,$0.00,$57.37,$4.73,$62.10,New,1,Visa,Closed,Shipped,2020-04-21 15:23 UTC,next-1dc,"Jane Doe 1234 Middle of Nowhere, TX 55055-1234 United States Primary Phone: +17138675309","Jane Doe 1234 Middle of Nowhere, TX 55055-1234 United States Primary Phone: +17138675309",USPS(9361289671090694487876)
Amazon.com,112-0000000-0000158,2020-04-21 21:00 UTC,USD,$11.99,$0.99,$0.00,$11.99,$0.99,$12.98,New,1,Visa,Closed,Shipped,2020-04-22 17:45 UTC,next-1dc,"Jane Doe 1234 Middle of Nowhere, TX 55055-1234 United States Primary Phone: +17138675309","Jane Doe 1234 Middle of Nowhere, TX 55055-1234 United States Primary Phone: +17138675309",AMZN_US(TBA014796410801)
Amazon.com,112-0000000-0000159,2020-04-27 02:58 UTC,USD,$10.99,$0.91,$0.00,$10.99,$0.91,$11.90,New,1,Visa,Closed,Shipped,2020-04-27 12:12 UTC,Std US D2D Dom,"Jane Doe 1234 Middle of Nowhere, TX 55055-1234 United States Primary Phone: +17138675309","Jane Doe 1234 Middle of Nowhere, TX 55055-1234 United States Primary Phone: +17138675309",UK_RoyalMailAirmailInternational(2C0213847000000593229)
Amazon.com,112-0000000-0000160,2020-07-11 23:39 UTC,USD,$13.99,$1.15,$0.00,$13.99,$1.15,$15.14,New,1,Visa,Closed,Shipped,2020-07-13 03:42 UTC,next-1dc,"Jane Doe 1234 Middle of Nowhere, TX 55055-1234 United States Primary Phone: +17138675309","Jane Doe 1234 Middle of Nowhere, TX 55055-1234 United States Primary Phone: +17138675309",AMZN_US(TBA087792184001)
Amazon.com,112-0000000-0000161,2020-07-17 02:45 UTC,USD,$15.99,$1.32,$0.00,$15.99,$1.32,$17.31,New,1,Visa,Closed,Shipped,2020-07-17 19:38 UTC,next-1dc,"Jane Doe 1234 Middle of Nowhere, TX 55055-1234 United States Primary Phone: +17138675309","Jane Doe 1234 Middle of Nowhere, TX 55055-1234 United States Primary Phone: +17138675309",USPS(9374889671090667625287)
Amazon.com,112-0000000-0000162,2020-08-02 20:21 UTC,USD,$39.99,$1.65,$0.00,$39.99,$1.65,$41.64,New,1,Visa,Closed,Shipped,2020-08-03 07:18 UTC,next-1dc,"Jane Doe 1234 Middle of Nowhere, TX 55055-1234 United States Primary Phone: +17138675309","Jane Doe 1234 Middle of Nowhere, TX 55055-1234 United States Primary Phone: +17138675309",UPS(1Z61R54Y0309484170)
Amazon.com,112-0000000-0000163,2020-08-22 13:32 UTC,USD,$10.99,$0.91,$0.00,$10.99,$0.91,$11.90,New,1,Visa,Closed,Shipped,2020-08-24 17:02 UTC,next-1dc,"Jane Doe 1234 Middle of Nowhere, TX 55055-1234 United States Primary Phone: +17138675309","Jane Doe 1234 Middle of Nowhere, TX 55055-1234 United States Primary Phone: +17138675309",USPS(9374889671090685509774)
Amazon.com,112-0000000-0000164,2020-08-22 13:36 UTC,USD,$8.99,$0.74,$0.00,$8.99,$0.74,$9.73,New,1,Visa,Closed,Shipped,2020-08-24 17:02 UTC,next-1dc,"Jane Doe 1234 Middle of Nowhere, TX 55055-1234 United States Primary Phone: +17138675309","Jane Doe 1234 Middle of Nowhere, TX 55055-1234 United States Primary Phone: +17138675309",USPS(9374889671090685509774)
Amazon.com,112-0000000-0000165,2020-09-01 01:23 UTC,USD,$8.65,$0.71,$0.00,$8.65,$0.71,$9.36,New,1,Visa,Closed,Shipped,2020-09-02 04:37 UTC,second,"Jane Doe 1234 Middle of Nowhere, TX 55055-1234 United States Primary Phone: +17138675309","Jane Doe 1234 Middle of Nowhere, TX 55055-1234 United States Primary Phone: +17138675309",USPS(9361289671090756810062)
Amazon.com,112-0000000-0000166,2020-09-08 23:49 UTC,USD,$10.25,$0.85,$0.00,$10.25,$0.85,$11.10,New,1,Visa,Closed,Shipped,2020-09-11 04:14 UTC,next-1dc,"Jane Doe 1234 Middle of Nowhere, TX 55055-1234 United States Primary Phone: +17138675309","Jane Doe 1234 Middle of Nowhere, TX 55055-1234 United States Primary Phone: +17138675309",USPS(9374889671090692196332)
Amazon.com,112-0000000-0000167,2020-10-02 01:14 UTC,USD,$9.99,$0.82,$0.00,$9.99,$0.82,$10.81,New,1,Visa,Closed,Shipped,2020-10-02 15:43 UTC,Std US D2D Dom,"Jane Doe 1234 Middle of Nowhere, TX 55055-1234 United States Primary Phone: +17138675309","Jane Doe 1234 Middle of Nowhere, TX 55055-1234 United States Primary Phone: +17138675309",DHL Global Mail(420770409374869903505588036831)
Amazon.com,112-0000000-0000168,2020-10-02 01:14 UTC,USD,$13.00,$1.07,$0.00,$13.00,$1.07,$14.07,New,1,Visa,Closed,Shipped,2020-10-02 14:40 UTC,next-1dc,"Jane Doe 1234 Middle of Nowhere, TX 55055-1234 United States Primary Phone: +17138675309","Jane Doe 1234 Middle of Nowhere, TX 55055-1234 United States Primary Phone: +17138675309",USPS(9374889671090700625465)
Amazon.com,112-0000000-0000169,2020-11-07 16:33 UTC,USD,$5.99,$0.49,$0.00,$5.99,$0.49,$6.48,New,1,Visa,Closed,Shipped,2020-11-07 21:22 UTC,next-1dc,"Jane Doe 1234 Middle of Nowhere, TX 55055-1234 United States Primary Phone: +17138675309","Jane Doe 1234 Middle of Nowhere, TX 55055-1234 United States Primary Phone: +17138675309",AMZN_US(TBA051054696104)
Amazon.com,112-0000000-0000170,2020-11-27 15:40 UTC,USD,$22.99,$1.90,$0.00,$22.99,$1.90,$24.89,New,1,Visa,Closed,Shipped,2020-12-01 19:12 UTC,second,"Jane Doe 1234 Middle of Nowhere, TX 55055-1234 United States Primary Phone: +17138675309","Jane Doe 1234 Middle of Nowhere, TX 55055-1234 United States Primary Phone: +17138675309",UPS(1Z8FY8241325928882)
Amazon.com,112-0000000-0000171,2020-11-27 15:40 UTC,USD,$48.99,$4.04,$0.00,$48.99,$4.04,$53.03,New,1,Visa,Closed,Shipped,2020-11-30 20:10 UTC,next-1dc,"Jane Doe 1234 Middle of Nowhere, TX 55055-1234 United States Primary Phone: +17138675309","Jane Doe 1234 Middle of Nowhere, TX 55055-1234 United States Primary Phone: +17138675309",AMZN_US(TBA076229501704)
Amazon.com,112-0000000-0000172,2020-12-04 04:16 UTC,USD,$16.08,$1.01,$0.00,$31.07,$1.95,$17.09,New,1,Visa,Closed,Shipped,2020-12-06 22:49 UTC,next-1dc,"Jane Doe 1234 Middle of Nowhere, TX 55055-1234 United States Primary Phone: +17138675309","Jane Doe 1234 Middle of Nowhere, TX 55055-1234 United States Primary Phone: +17138675309",UPS(1Z96577R0307099624)
Amazon.com,112-0000000-0000173,2020-12-04 04:16 UTC,USD,$14.99,$0.94,$0.00,$31.07,$1.95,$15.93,New,1,Visa,Closed,Shipped,2020-12-06 22:49 UTC,next-1dc,"Jane Doe 1234 Middle of Nowhere, TX 55055-1234 United States Primary Phone: +17138675309","Jane Doe 1234 Middle of Nowhere, TX 55055-1234 United States Primary Phone: +17138675309",UPS(1Z96577R0307099624)
Amazon.com,112-0000000-0000174,2020-12-05 01:08 UTC,USD,$5.99,$0.49,$0.00,$28.98,$2.39,$6.48,New,1,Visa,Closed,Shipped,2020-12-05 10:28 UTC,next-1dc,"Jane Doe 1234 Middle of Nowhere, TX 55055-1234 United States Primary Phone: +17138675309","Jane Doe 1234 Middle of Nowhere, TX 55055-1234 United States Primary Phone: +17138675309",AMZN_US(TBA083230500404)
Amazon.com,112-0000000-0000175,2020-12-05 01:08 UTC,USD,$22.99,$1.90,$0.00,$28.98,$2.39,$24.89,New,1,Visa,Closed,Shipped,2020-12-05 10:28 UTC,next-1dc,"Jane Doe 1234 Middle of Nowhere, TX 55055-1234 United States Primary Phone: +17138675309","Jane Doe 1234 Middle of Nowhere, TX 55055-1234 United States Primary Phone: +17138675309",AMZN_US(TBA083230500404)
